org_id,ORDER,order_type,MAX_STATUS,MIN_STATUS,SHIPMENT,created_timestamp,Org Id,Job Queue Status,Request Status,Req Prog Status,Request Id,Request Progress Id,Job Id,Job Queue Created By,Job Queue Created On,Job Queue Last Updated By,Job Queue Last Updated On,Request Created By,Request Created On,Request Last Updated By,Request Last Updated On,Details Created By,Details Created On,Details Last Updated By,Details Last Updated On
ATL,4352013,Standard,1000-Released,1000-Released,506_2022-05-31,2022-05-31 18:28:22.478000,ATL,Success,New,Success,183,182,133,atlwkok,2026-03-26 21:35,atlwkok,2026-03-26 21:35,atlwkok,2026-03-26 21:35,atlwkok,2026-03-26 21:35,atlwkok,2026-03-26 21:35,atlwkok,2026-03-26 21:35
ATL,4352005,Standard,1000-Released,1000-Released,506_2022-05-31,2022-05-31 18:28:22.533000,ATL,Success,New,Success,183,182,133,atlwkok,2026-03-26 21:35,atlwkok,2026-03-26 21:35,atlwkok,2026-03-26 21:35,atlwkok,2026-03-26 21:35,atlwkok,2026-03-26 21:35,atlwkok,2026-03-26 21:35
ATL,4352058,Standard,1000-Released,1000-Released,506_2022-05-31,2022-05-31 18:28:22.752000,ATL,Success,New,Success,183,182,133,atlwkok,2026-03-26 21:35,atlwkok,2026-03-26 21:35,atlwkok,2026-03-26 21:35,atlwkok,2026-03-26 21:35,atlwkok,2026-03-26 21:35,atlwkok,2026-03-26 21:35
ATL,4351991,Standard,1000-Released,1000-Released,506_2022-05-31,2022-05-31 18:28:22.817000,ATL,Success,New,Success,183,182,133,atlwkok,2026-03-26 21:35,atlwkok,2026-03-26 21:35,atlwkok,2026-03-26 21:35,atlwkok,2026-03-26 21:35,atlwkok,2026-03-26 21:35,atlwkok,2026-03-26 21:35
ATL,4352044,Standard,1000-Released,1000-Released,506_2022-05-31,2022-05-31 18:28:22.922000,ATL,Success,New,Success,183,182,133,atlwkok,2026-03-26 21:35,atlwkok,2026-03-26 21:35,atlwkok,2026-03-26 21:35,atlwkok,2026-03-26 21:35,atlwkok,2026-03-26 21:35,atlwkok,2026-03-26 21:35
ATL,4352057,Standard,1000-Released,1000-Released,506_2022-05-31,2022-05-31 18:28:23.066000,ATL,Success,New,Success,183,182,133,atlwkok,2026-03-26 21:35,atlwkok,2026-03-26 21:35,atlwkok,2026-03-26 21:35,atlwkok,2026-03-26 21:35,atlwkok,2026-03-26 21:35,atlwkok,2026-03-26 21:35
ATL,4352006,Standard,1000-Released,1000-Released,506_2022-05-31,2022-05-31 18:28:23.278000,ATL,Success,New,Success,183,182,133,atlwkok,2026-03-26 21:35,atlwkok,2026-03-26 21:35,atlwkok,2026-03-26 21:35,atlwkok,2026-03-26 21:35,atlwkok,2026-03-26 21:35,atlwkok,2026-03-26 21:35
ATL,4352026,Standard,1000-Released,1000-Released,506_2022-05-31,2022-05-31 18:28:23.386000,ATL,Success,New,Success,183,182,133,atlwkok,2026-03-26 21:35,atlwkok,2026-03-26 21:35,atlwkok,2026-03-26 21:35,atlwkok,2026-03-26 21:35,atlwkok,2026-03-26 21:35,atlwkok,2026-03-26 21:35
ATL,4352048,Standard,1000-Released,1000-Released,506_2022-05-31,2022-05-31 18:28:23.475000,ATL,Success,New,Success,183,182,133,atlwkok,2026-03-26 21:35,atlwkok,2026-03-26 21:35,atlwkok,2026-03-26 21:35,atlwkok,2026-03-26 21:35,atlwkok,2026-03-26 21:35,atlwkok,2026-03-26 21:35
ATL,4352008,Standard,1000-Released,1000-Released,506_2022-05-31,2022-05-31 18:28:23.671000,ATL,Success,New,Success,183,182,133,atlwkok,2026-03-26 21:35,atlwkok,2026-03-26 21:35,atlwkok,2026-03-26 21:35,atlwkok,2026-03-26 21:35,atlwkok,2026-03-26 21:35,atlwkok,2026-03-26 21:35
ATL,4351993,Standard,1000-Released,1000-Released,506_2022-05-31,2022-05-31 18:28:23.845000,ATL,Success,New,Success,183,182,133,atlwkok,2026-03-26 21:35,atlwkok,2026-03-26 21:35,atlwkok,2026-03-26 21:35,atlwkok,2026-03-26 21:35,atlwkok,2026-03-26 21:35,atlwkok,2026-03-26 21:35
ATL,4352036,Standard,1000-Released,1000-Released,506_2022-05-31,2022-05-31 18:28:23.980000,ATL,Success,New,Success,183,182,133,atlwkok,2026-03-26 21:35,atlwkok,2026-03-26 21:35,atlwkok,2026-03-26 21:35,atlwkok,2026-03-26 21:35,atlwkok,2026-03-26 21:35,atlwkok,2026-03-26 21:35
ATL,4351888,Standard,1000-Released,1000-Released,507_2022-05-31,2022-05-31 18:28:24.119000,ATL,Success,New,Success,183,182,133,atlwkok,2026-03-26 21:35,atlwkok,2026-03-26 21:35,atlwkok,2026-03-26 21:35,atlwkok,2026-03-26 21:35,atlwkok,2026-03-26 21:35,atlwkok,2026-03-26 21:35
ATL,4351889,Standard,1000-Released,1000-Released,507_2022-05-31,2022-05-31 18:28:24.439000,ATL,Success,New,Success,183,182,133,atlwkok,2026-03-26 21:35,atlwkok,2026-03-26 21:35,atlwkok,2026-03-26 21:35,atlwkok,2026-03-26 21:35,atlwkok,2026-03-26 21:35,atlwkok,2026-03-26 21:35
ATL,4351946,Standard,1000-Released,1000-Released,507_2022-05-31,2022-05-31 18:28:24.662000,ATL,Success,New,Success,183,182,133,atlwkok,2026-03-26 21:35,atlwkok,2026-03-26 21:35,atlwkok,2026-03-26 21:35,atlwkok,2026-03-26 21:35,atlwkok,2026-03-26 21:35,atlwkok,2026-03-26 21:35
ATL,4351924,Standard,1000-Released,1000-Released,507_2022-05-31,2022-05-31 18:28:24.816000,ATL,Success,New,Success,183,182,133,atlwkok,2026-03-26 21:35,atlwkok,2026-03-26 21:35,atlwkok,2026-03-26 21:35,atlwkok,2026-03-26 21:35,atlwkok,2026-03-26 21:35,atlwkok,2026-03-26 21:35
ATL,4352037,Standard,1000-Released,1000-Released,506_2022-05-31,2022-05-31 18:28:24.926000,ATL,Success,New,Success,183,182,133,atlwkok,2026-03-26 21:35,atlwkok,2026-03-26 21:35,atlwkok,2026-03-26 21:35,atlwkok,2026-03-26 21:35,atlwkok,2026-03-26 21:35,atlwkok,2026-03-26 21:35
ATL,4351896,Standard,1000-Released,1000-Released,507_2022-05-31,2022-05-31 18:28:25.027000,ATL,Success,New,Success,183,182,133,atlwkok,2026-03-26 21:35,atlwkok,2026-03-26 21:35,atlwkok,2026-03-26 21:35,atlwkok,2026-03-26 21:35,atlwkok,2026-03-26 21:35,atlwkok,2026-03-26 21:35
ATL,4351932,Standard,1000-Released,1000-Released,507_2022-05-31,2022-05-31 18:28:25.415000,ATL,Success,New,Success,183,182,133,atlwkok,2026-03-26 21:35,atlwkok,2026-03-26 21:35,atlwkok,2026-03-26 21:35,atlwkok,2026-03-26 21:35,atlwkok,2026-03-26 21:35,atlwkok,2026-03-26 21:35
ATL,4351933,Standard,1000-Released,1000-Released,507_2022-05-31,2022-05-31 18:28:25.591000,ATL,Success,New,Success,183,182,133,atlwkok,2026-03-26 21:35,atlwkok,2026-03-26 21:35,atlwkok,2026-03-26 21:35,atlwkok,2026-03-26 21:35,atlwkok,2026-03-26 21:35,atlwkok,2026-03-26 21:35
ATL,4351902,Standard,1000-Released,1000-Released,507_2022-05-31,2022-05-31 18:28:25.970000,ATL,Success,New,Success,183,182,133,atlwkok,2026-03-26 21:35,atlwkok,2026-03-26 21:35,atlwkok,2026-03-26 21:35,atlwkok,2026-03-26 21:35,atlwkok,2026-03-26 21:35,atlwkok,2026-03-26 21:35
ATL,4351903,Standard,1000-Released,1000-Released,507_2022-05-31,2022-05-31 18:28:26.021000,ATL,Success,New,Success,183,182,133,atlwkok,2026-03-26 21:35,atlwkok,2026-03-26 21:35,atlwkok,2026-03-26 21:35,atlwkok,2026-03-26 21:35,atlwkok,2026-03-26 21:35,atlwkok,2026-03-26 21:35
ATL,4351931,Standard,1000-Released,1000-Released,507_2022-05-31,2022-05-31 18:28:26.142000,ATL,Success,New,Success,183,182,133,atlwkok,2026-03-26 21:35,atlwkok,2026-03-26 21:35,atlwkok,2026-03-26 21:35,atlwkok,2026-03-26 21:35,atlwkok,2026-03-26 21:35,atlwkok,2026-03-26 21:35
ATL,4352052,Standard,1000-Released,1000-Released,507_2022-05-31,2022-05-31 18:28:26.255000,ATL,Success,New,Success,183,182,133,atlwkok,2026-03-26 21:35,atlwkok,2026-03-26 21:35,atlwkok,2026-03-26 21:35,atlwkok,2026-03-26 21:35,atlwkok,2026-03-26 21:35,atlwkok,2026-03-26 21:35
ATL,4352053,Standard,1000-Released,1000-Released,507_2022-05-31,2022-05-31 18:28:26.324000,ATL,Success,New,Success,183,182,133,atlwkok,2026-03-26 21:35,atlwkok,2026-03-26 21:35,atlwkok,2026-03-26 21:35,atlwkok,2026-03-26 21:35,atlwkok,2026-03-26 21:35,atlwkok,2026-03-26 21:35
ATL,4351939,Standard,1000-Released,1000-Released,507_2022-05-31,2022-05-31 18:28:26.598000,ATL,Success,New,Success,183,182,133,atlwkok,2026-03-26 21:35,atlwkok,2026-03-26 21:35,atlwkok,2026-03-26 21:35,atlwkok,2026-03-26 21:35,atlwkok,2026-03-26 21:35,atlwkok,2026-03-26 21:35
ATL,4351917,Standard,1000-Released,1000-Released,507_2022-05-31,2022-05-31 18:28:26.666000,ATL,Success,New,Success,183,182,133,atlwkok,2026-03-26 21:35,atlwkok,2026-03-26 21:35,atlwkok,2026-03-26 21:35,atlwkok,2026-03-26 21:35,atlwkok,2026-03-26 21:35,atlwkok,2026-03-26 21:35
ATL,4351918,Standard,1000-Released,1000-Released,507_2022-05-31,2022-05-31 18:28:26.800000,ATL,Success,New,Success,183,182,133,atlwkok,2026-03-26 21:35,atlwkok,2026-03-26 21:35,atlwkok,2026-03-26 21:35,atlwkok,2026-03-26 21:35,atlwkok,2026-03-26 21:35,atlwkok,2026-03-26 21:35
ATL,4351914,Standard,1000-Released,1000-Released,507_2022-05-31,2022-05-31 18:28:27.040000,ATL,Success,New,Success,183,182,133,atlwkok,2026-03-26 21:35,atlwkok,2026-03-26 21:35,atlwkok,2026-03-26 21:35,atlwkok,2026-03-26 21:35,atlwkok,2026-03-26 21:35,atlwkok,2026-03-26 21:35
ATL,4351938,Standard,1000-Released,1000-Released,507_2022-05-31,2022-05-31 18:28:27.162000,ATL,Success,New,Success,183,182,133,atlwkok,2026-03-26 21:35,atlwkok,2026-03-26 21:35,atlwkok,2026-03-26 21:35,atlwkok,2026-03-26 21:35,atlwkok,2026-03-26 21:35,atlwkok,2026-03-26 21:35
ATL,4351890,Standard,1000-Released,1000-Released,507_2022-05-31,2022-05-31 18:28:27.223000,ATL,Success,New,Success,183,182,133,atlwkok,2026-03-26 21:35,atlwkok,2026-03-26 21:35,atlwkok,2026-03-26 21:35,atlwkok,2026-03-26 21:35,atlwkok,2026-03-26 21:35,atlwkok,2026-03-26 21:35
ATL,4351935,Standard,1000-Released,1000-Released,507_2022-05-31,2022-05-31 18:28:27.270000,ATL,Success,New,Success,183,182,133,atlwkok,2026-03-26 21:35,atlwkok,2026-03-26 21:35,atlwkok,2026-03-26 21:35,atlwkok,2026-03-26 21:35,atlwkok,2026-03-26 21:35,atlwkok,2026-03-26 21:35
ATL,4351936,Standard,1000-Released,1000-Released,507_2022-05-31,2022-05-31 18:28:27.359000,ATL,Success,New,Success,183,182,133,atlwkok,2026-03-26 21:35,atlwkok,2026-03-26 21:35,atlwkok,2026-03-26 21:35,atlwkok,2026-03-26 21:35,atlwkok,2026-03-26 21:35,atlwkok,2026-03-26 21:35
ATL,4351929,Standard,1000-Released,1000-Released,507_2022-05-31,2022-05-31 18:28:27.412000,ATL,Success,New,Success,183,182,133,atlwkok,2026-03-26 21:35,atlwkok,2026-03-26 21:35,atlwkok,2026-03-26 21:35,atlwkok,2026-03-26 21:35,atlwkok,2026-03-26 21:35,atlwkok,2026-03-26 21:35
ATL,4351943,Standard,1000-Released,1000-Released,507_2022-05-31,2022-05-31 18:28:27.465000,ATL,Success,New,Success,183,182,133,atlwkok,2026-03-26 21:35,atlwkok,2026-03-26 21:35,atlwkok,2026-03-26 21:35,atlwkok,2026-03-26 21:35,atlwkok,2026-03-26 21:35,atlwkok,2026-03-26 21:35
ATL,4351850,Standard,1000-Released,1000-Released,507_2022-05-31,2022-05-31 18:28:27.521000,ATL,Success,New,Success,183,182,133,atlwkok,2026-03-26 21:35,atlwkok,2026-03-26 21:35,atlwkok,2026-03-26 21:35,atlwkok,2026-03-26 21:35,atlwkok,2026-03-26 21:35,atlwkok,2026-03-26 21:35
ATL,4351966,Standard,1000-Released,1000-Released,507_2022-05-31,2022-05-31 18:28:27.568000,ATL,Success,New,Success,183,182,133,atlwkok,2026-03-26 21:35,atlwkok,2026-03-26 21:35,atlwkok,2026-03-26 21:35,atlwkok,2026-03-26 21:35,atlwkok,2026-03-26 21:35,atlwkok,2026-03-26 21:35
ATL,4351967,Standard,1000-Released,1000-Released,507_2022-05-31,2022-05-31 18:28:27.694000,ATL,Success,New,Success,183,182,133,atlwkok,2026-03-26 21:35,atlwkok,2026-03-26 21:35,atlwkok,2026-03-26 21:35,atlwkok,2026-03-26 21:35,atlwkok,2026-03-26 21:35,atlwkok,2026-03-26 21:35
ATL,4351901,Standard,1000-Released,1000-Released,507_2022-05-31,2022-05-31 18:28:27.795000,ATL,Success,New,Success,183,182,133,atlwkok,2026-03-26 21:35,atlwkok,2026-03-26 21:35,atlwkok,2026-03-26 21:35,atlwkok,2026-03-26 21:35,atlwkok,2026-03-26 21:35,atlwkok,2026-03-26 21:35
ATL,4350014,Standard,1000-Released,1000-Released,507_2022-05-31,2022-05-31 18:28:27.843000,ATL,Success,New,Success,183,182,133,atlwkok,2026-03-26 21:35,atlwkok,2026-03-26 21:35,atlwkok,2026-03-26 21:35,atlwkok,2026-03-26 21:35,atlwkok,2026-03-26 21:35,atlwkok,2026-03-26 21:35
ATL,4351909,Standard,1000-Released,1000-Released,507_2022-05-31,2022-05-31 18:28:28.031000,ATL,Success,New,Success,183,182,133,atlwkok,2026-03-26 21:35,atlwkok,2026-03-26 21:35,atlwkok,2026-03-26 21:35,atlwkok,2026-03-26 21:35,atlwkok,2026-03-26 21:35,atlwkok,2026-03-26 21:35
ATL,4351910,Standard,1000-Released,1000-Released,507_2022-05-31,2022-05-31 18:28:28.286000,ATL,Success,New,Success,183,182,133,atlwkok,2026-03-26 21:35,atlwkok,2026-03-26 21:35,atlwkok,2026-03-26 21:35,atlwkok,2026-03-26 21:35,atlwkok,2026-03-26 21:35,atlwkok,2026-03-26 21:35
ATL,4351911,Standard,1000-Released,1000-Released,507_2022-05-31,2022-05-31 18:28:28.377000,ATL,Success,New,Success,183,182,133,atlwkok,2026-03-26 21:35,atlwkok,2026-03-26 21:35,atlwkok,2026-03-26 21:35,atlwkok,2026-03-26 21:35,atlwkok,2026-03-26 21:35,atlwkok,2026-03-26 21:35
ATL,4351912,Standard,1000-Released,1000-Released,507_2022-05-31,2022-05-31 18:28:28.478000,ATL,Success,New,Success,183,182,133,atlwkok,2026-03-26 21:35,atlwkok,2026-03-26 21:35,atlwkok,2026-03-26 21:35,atlwkok,2026-03-26 21:35,atlwkok,2026-03-26 21:35,atlwkok,2026-03-26 21:35
ATL,4351992,Standard,1000-Released,1000-Released,507_2022-05-31,2022-05-31 18:28:28.556000,ATL,Success,New,Success,183,182,133,atlwkok,2026-03-26 21:35,atlwkok,2026-03-26 21:35,atlwkok,2026-03-26 21:35,atlwkok,2026-03-26 21:35,atlwkok,2026-03-26 21:35,atlwkok,2026-03-26 21:35
ATL,4352025,Standard,1000-Released,1000-Released,507_2022-05-31,2022-05-31 18:28:28.651000,ATL,Success,New,Success,183,182,133,atlwkok,2026-03-26 21:35,atlwkok,2026-03-26 21:35,atlwkok,2026-03-26 21:35,atlwkok,2026-03-26 21:35,atlwkok,2026-03-26 21:35,atlwkok,2026-03-26 21:35
ATL,4352009,Standard,1000-Released,1000-Released,508_2022-05-31,2022-05-31 18:28:28.706000,ATL,Success,New,Success,183,182,133,atlwkok,2026-03-26 21:35,atlwkok,2026-03-26 21:35,atlwkok,2026-03-26 21:35,atlwkok,2026-03-26 21:35,atlwkok,2026-03-26 21:35,atlwkok,2026-03-26 21:35
ATL,4352010,Standard,1000-Released,1000-Released,508_2022-05-31,2022-05-31 18:28:28.909000,ATL,Success,New,Success,183,182,133,atlwkok,2026-03-26 21:35,atlwkok,2026-03-26 21:35,atlwkok,2026-03-26 21:35,atlwkok,2026-03-26 21:35,atlwkok,2026-03-26 21:35,atlwkok,2026-03-26 21:35
ATL,4352011,Standard,1000-Released,1000-Released,508_2022-05-31,2022-05-31 18:28:29.049000,ATL,Success,New,Success,183,182,133,atlwkok,2026-03-26 21:35,atlwkok,2026-03-26 21:35,atlwkok,2026-03-26 21:35,atlwkok,2026-03-26 21:35,atlwkok,2026-03-26 21:35,atlwkok,2026-03-26 21:35
ATL,4352012,Standard,1000-Released,1000-Released,508_2022-05-31,2022-05-31 18:28:29.107000,ATL,Success,New,Success,183,182,133,atlwkok,2026-03-26 21:35,atlwkok,2026-03-26 21:35,atlwkok,2026-03-26 21:35,atlwkok,2026-03-26 21:35,atlwkok,2026-03-26 21:35,atlwkok,2026-03-26 21:35
ATL,4352017,Standard,1000-Released,1000-Released,508_2022-05-31,2022-05-31 18:28:29.216000,ATL,Success,New,Success,183,182,133,atlwkok,2026-03-26 21:35,atlwkok,2026-03-26 21:35,atlwkok,2026-03-26 21:35,atlwkok,2026-03-26 21:35,atlwkok,2026-03-26 21:35,atlwkok,2026-03-26 21:35
ATL,4352043,Standard,1000-Released,1000-Released,508_2022-05-31,2022-05-31 18:28:29.506000,ATL,Success,New,Success,183,182,133,atlwkok,2026-03-26 21:35,atlwkok,2026-03-26 21:35,atlwkok,2026-03-26 21:35,atlwkok,2026-03-26 21:35,atlwkok,2026-03-26 21:35,atlwkok,2026-03-26 21:35
ATL,4352022,Standard,1000-Released,1000-Released,508_2022-05-31,2022-05-31 18:28:29.831000,ATL,Success,New,Success,183,182,133,atlwkok,2026-03-26 21:35,atlwkok,2026-03-26 21:35,atlwkok,2026-03-26 21:35,atlwkok,2026-03-26 21:35,atlwkok,2026-03-26 21:35,atlwkok,2026-03-26 21:35
ATL,4352460,Standard,1000-Released,1000-Released,509_2022-05-31,2022-05-31 18:28:30.035000,ATL,Success,New,Success,183,182,133,atlwkok,2026-03-26 21:35,atlwkok,2026-03-26 21:35,atlwkok,2026-03-26 21:35,atlwkok,2026-03-26 21:35,atlwkok,2026-03-26 21:35,atlwkok,2026-03-26 21:35
ATL,4352433,Standard,1000-Released,1000-Released,509_2022-05-31,2022-05-31 18:28:30.371000,ATL,Success,New,Success,183,182,133,atlwkok,2026-03-26 21:35,atlwkok,2026-03-26 21:35,atlwkok,2026-03-26 21:35,atlwkok,2026-03-26 21:35,atlwkok,2026-03-26 21:35,atlwkok,2026-03-26 21:35
ATL,4352434,Standard,1000-Released,1000-Released,509_2022-05-31,2022-05-31 18:28:30.510000,ATL,Success,New,Success,183,182,133,atlwkok,2026-03-26 21:35,atlwkok,2026-03-26 21:35,atlwkok,2026-03-26 21:35,atlwkok,2026-03-26 21:35,atlwkok,2026-03-26 21:35,atlwkok,2026-03-26 21:35
ATL,4352435,Standard,1000-Released,1000-Released,509_2022-05-31,2022-05-31 18:28:30.764000,ATL,Success,New,Success,183,182,133,atlwkok,2026-03-26 21:35,atlwkok,2026-03-26 21:35,atlwkok,2026-03-26 21:35,atlwkok,2026-03-26 21:35,atlwkok,2026-03-26 21:35,atlwkok,2026-03-26 21:35
ATL,4352416,Standard,1000-Released,1000-Released,509_2022-05-31,2022-05-31 18:28:31.104000,ATL,Success,New,Success,183,182,133,atlwkok,2026-03-26 21:35,atlwkok,2026-03-26 21:35,atlwkok,2026-03-26 21:35,atlwkok,2026-03-26 21:35,atlwkok,2026-03-26 21:35,atlwkok,2026-03-26 21:35
ATL,4352417,Standard,1000-Released,1000-Released,509_2022-05-31,2022-05-31 18:28:31.361000,ATL,Success,New,Success,183,182,133,atlwkok,2026-03-26 21:35,atlwkok,2026-03-26 21:35,atlwkok,2026-03-26 21:35,atlwkok,2026-03-26 21:35,atlwkok,2026-03-26 21:35,atlwkok,2026-03-26 21:35
ATL,4352418,Standard,1000-Released,1000-Released,509_2022-05-31,2022-05-31 18:28:31.467000,ATL,Success,New,Success,183,182,133,atlwkok,2026-03-26 21:35,atlwkok,2026-03-26 21:35,atlwkok,2026-03-26 21:35,atlwkok,2026-03-26 21:35,atlwkok,2026-03-26 21:35,atlwkok,2026-03-26 21:35
ATL,4352425,Standard,1000-Released,1000-Released,509_2022-05-31,2022-05-31 18:28:31.592000,ATL,Success,New,Success,183,182,133,atlwkok,2026-03-26 21:35,atlwkok,2026-03-26 21:35,atlwkok,2026-03-26 21:35,atlwkok,2026-03-26 21:35,atlwkok,2026-03-26 21:35,atlwkok,2026-03-26 21:35
ATL,4350762,Standard,1000-Released,1000-Released,509_2022-05-31,2022-05-31 18:28:31.836000,ATL,Success,New,Success,183,182,133,atlwkok,2026-03-26 21:35,atlwkok,2026-03-26 21:35,atlwkok,2026-03-26 21:35,atlwkok,2026-03-26 21:35,atlwkok,2026-03-26 21:35,atlwkok,2026-03-26 21:35
ATL,4352426,Standard,1000-Released,1000-Released,509_2022-05-31,2022-05-31 18:28:32.002000,ATL,Success,New,Success,183,182,133,atlwkok,2026-03-26 21:35,atlwkok,2026-03-26 21:35,atlwkok,2026-03-26 21:35,atlwkok,2026-03-26 21:35,atlwkok,2026-03-26 21:35,atlwkok,2026-03-26 21:35
ATL,4352468,Standard,1000-Released,1000-Released,509_2022-05-31,2022-05-31 18:28:32.114000,ATL,Success,New,Success,183,182,133,atlwkok,2026-03-26 21:35,atlwkok,2026-03-26 21:35,atlwkok,2026-03-26 21:35,atlwkok,2026-03-26 21:35,atlwkok,2026-03-26 21:35,atlwkok,2026-03-26 21:35
ATL,4352467,Standard,1000-Released,1000-Released,509_2022-05-31,2022-05-31 18:28:32.192000,ATL,Success,New,Success,183,182,133,atlwkok,2026-03-26 21:35,atlwkok,2026-03-26 21:35,atlwkok,2026-03-26 21:35,atlwkok,2026-03-26 21:35,atlwkok,2026-03-26 21:35,atlwkok,2026-03-26 21:35
ATL,4352454,Standard,1000-Released,1000-Released,509_2022-05-31,2022-05-31 18:28:32.253000,ATL,Success,New,Success,183,182,133,atlwkok,2026-03-26 21:35,atlwkok,2026-03-26 21:35,atlwkok,2026-03-26 21:35,atlwkok,2026-03-26 21:35,atlwkok,2026-03-26 21:35,atlwkok,2026-03-26 21:35
ATL,4352429,Standard,1000-Released,1000-Released,509_2022-05-31,2022-05-31 18:28:32.352000,ATL,Success,New,Success,183,182,133,atlwkok,2026-03-26 21:35,atlwkok,2026-03-26 21:35,atlwkok,2026-03-26 21:35,atlwkok,2026-03-26 21:35,atlwkok,2026-03-26 21:35,atlwkok,2026-03-26 21:35
ATL,4352449,Standard,1000-Released,1000-Released,509_2022-05-31,2022-05-31 18:28:32.516000,ATL,Success,New,Success,183,182,133,atlwkok,2026-03-26 21:35,atlwkok,2026-03-26 21:35,atlwkok,2026-03-26 21:35,atlwkok,2026-03-26 21:35,atlwkok,2026-03-26 21:35,atlwkok,2026-03-26 21:35
ATL,4352430,Standard,1000-Released,1000-Released,509_2022-05-31,2022-05-31 18:28:32.776000,ATL,Success,New,Success,183,182,133,atlwkok,2026-03-26 21:35,atlwkok,2026-03-26 21:35,atlwkok,2026-03-26 21:35,atlwkok,2026-03-26 21:35,atlwkok,2026-03-26 21:35,atlwkok,2026-03-26 21:35
ATL,4352406,Standard,1000-Released,1000-Released,509_2022-05-31,2022-05-31 18:28:32.873000,ATL,Success,New,Success,183,182,133,atlwkok,2026-03-26 21:35,atlwkok,2026-03-26 21:35,atlwkok,2026-03-26 21:35,atlwkok,2026-03-26 21:35,atlwkok,2026-03-26 21:35,atlwkok,2026-03-26 21:35
ATL,4352422,Standard,1000-Released,1000-Released,509_2022-05-31,2022-05-31 18:28:32.944000,ATL,Success,New,Success,183,182,133,atlwkok,2026-03-26 21:35,atlwkok,2026-03-26 21:35,atlwkok,2026-03-26 21:35,atlwkok,2026-03-26 21:35,atlwkok,2026-03-26 21:35,atlwkok,2026-03-26 21:35
ATL,4352466,Standard,1000-Released,1000-Released,509_2022-05-31,2022-05-31 18:28:33.019000,ATL,Success,New,Success,183,182,133,atlwkok,2026-03-26 21:35,atlwkok,2026-03-26 21:35,atlwkok,2026-03-26 21:35,atlwkok,2026-03-26 21:35,atlwkok,2026-03-26 21:35,atlwkok,2026-03-26 21:35
ATL,4352432,Standard,1000-Released,1000-Released,509_2022-05-31,2022-05-31 18:28:33.281000,ATL,Success,New,Success,183,182,133,atlwkok,2026-03-26 21:35,atlwkok,2026-03-26 21:35,atlwkok,2026-03-26 21:35,atlwkok,2026-03-26 21:35,atlwkok,2026-03-26 21:35,atlwkok,2026-03-26 21:35
ATL,4352403,Standard,1000-Released,1000-Released,509_2022-05-31,2022-05-31 18:28:33.410000,ATL,Success,New,Success,183,182,133,atlwkok,2026-03-26 21:35,atlwkok,2026-03-26 21:35,atlwkok,2026-03-26 21:35,atlwkok,2026-03-26 21:35,atlwkok,2026-03-26 21:35,atlwkok,2026-03-26 21:35
ATL,4352412,Standard,1000-Released,1000-Released,509_2022-05-31,2022-05-31 18:28:33.499000,ATL,Success,New,Success,183,182,133,atlwkok,2026-03-26 21:35,atlwkok,2026-03-26 21:35,atlwkok,2026-03-26 21:35,atlwkok,2026-03-26 21:35,atlwkok,2026-03-26 21:35,atlwkok,2026-03-26 21:35
ATL,4352431,Standard,1000-Released,1000-Released,509_2022-05-31,2022-05-31 18:28:33.682000,ATL,Success,New,Success,183,182,133,atlwkok,2026-03-26 21:35,atlwkok,2026-03-26 21:35,atlwkok,2026-03-26 21:35,atlwkok,2026-03-26 21:35,atlwkok,2026-03-26 21:35,atlwkok,2026-03-26 21:35
ATL,4352446,Standard,1000-Released,1000-Released,509_2022-05-31,2022-05-31 18:28:33.777000,ATL,Success,New,Success,183,182,133,atlwkok,2026-03-26 21:35,atlwkok,2026-03-26 21:35,atlwkok,2026-03-26 21:35,atlwkok,2026-03-26 21:35,atlwkok,2026-03-26 21:35,atlwkok,2026-03-26 21:35
ATL,4352405,Standard,1000-Released,1000-Released,509_2022-05-31,2022-05-31 18:28:33.908000,ATL,Success,New,Success,183,182,133,atlwkok,2026-03-26 21:35,atlwkok,2026-03-26 21:35,atlwkok,2026-03-26 21:35,atlwkok,2026-03-26 21:35,atlwkok,2026-03-26 21:35,atlwkok,2026-03-26 21:35
ATL,4352436,Standard,1000-Released,1000-Released,510_2022-05-31,2022-05-31 18:28:34.131000,ATL,Success,New,Success,183,182,133,atlwkok,2026-03-26 21:35,atlwkok,2026-03-26 21:35,atlwkok,2026-03-26 21:35,atlwkok,2026-03-26 21:35,atlwkok,2026-03-26 21:35,atlwkok,2026-03-26 21:35
ATL,4352427,Standard,1000-Released,1000-Released,509_2022-05-31,2022-05-31 18:28:34.208000,ATL,Success,New,Success,183,182,133,atlwkok,2026-03-26 21:35,atlwkok,2026-03-26 21:35,atlwkok,2026-03-26 21:35,atlwkok,2026-03-26 21:35,atlwkok,2026-03-26 21:35,atlwkok,2026-03-26 21:35
ATL,4352448,Standard,1000-Released,1000-Released,509_2022-05-31,2022-05-31 18:28:34.266000,ATL,Success,New,Success,183,182,133,atlwkok,2026-03-26 21:35,atlwkok,2026-03-26 21:35,atlwkok,2026-03-26 21:35,atlwkok,2026-03-26 21:35,atlwkok,2026-03-26 21:35,atlwkok,2026-03-26 21:35
ATL,4352437,Standard,1000-Released,1000-Released,510_2022-05-31,2022-05-31 18:28:34.355000,ATL,Success,New,Success,183,182,133,atlwkok,2026-03-26 21:35,atlwkok,2026-03-26 21:35,atlwkok,2026-03-26 21:35,atlwkok,2026-03-26 21:35,atlwkok,2026-03-26 21:35,atlwkok,2026-03-26 21:35
ATL,4352438,Standard,1000-Released,1000-Released,510_2022-05-31,2022-05-31 18:28:34.469000,ATL,Success,New,Success,183,182,133,atlwkok,2026-03-26 21:35,atlwkok,2026-03-26 21:35,atlwkok,2026-03-26 21:35,atlwkok,2026-03-26 21:35,atlwkok,2026-03-26 21:35,atlwkok,2026-03-26 21:35
ATL,4352439,Standard,1000-Released,1000-Released,510_2022-05-31,2022-05-31 18:28:34.520000,ATL,Success,New,Success,183,182,133,atlwkok,2026-03-26 21:35,atlwkok,2026-03-26 21:35,atlwkok,2026-03-26 21:35,atlwkok,2026-03-26 21:35,atlwkok,2026-03-26 21:35,atlwkok,2026-03-26 21:35
ATL,4352423,Standard,1000-Released,1000-Released,510_2022-05-31,2022-05-31 18:28:34.665000,ATL,Success,New,Success,183,182,133,atlwkok,2026-03-26 21:35,atlwkok,2026-03-26 21:35,atlwkok,2026-03-26 21:35,atlwkok,2026-03-26 21:35,atlwkok,2026-03-26 21:35,atlwkok,2026-03-26 21:35
ATL,4352413,Standard,1000-Released,1000-Released,510_2022-05-31,2022-05-31 18:28:34.943000,ATL,Success,New,Success,183,182,133,atlwkok,2026-03-26 21:35,atlwkok,2026-03-26 21:35,atlwkok,2026-03-26 21:35,atlwkok,2026-03-26 21:35,atlwkok,2026-03-26 21:35,atlwkok,2026-03-26 21:35
ATL,4352414,Standard,1000-Released,1000-Released,510_2022-05-31,2022-05-31 18:28:35.113000,ATL,Success,New,Success,183,182,133,atlwkok,2026-03-26 21:35,atlwkok,2026-03-26 21:35,atlwkok,2026-03-26 21:35,atlwkok,2026-03-26 21:35,atlwkok,2026-03-26 21:35,atlwkok,2026-03-26 21:35
ATL,4352415,Standard,1000-Released,1000-Released,510_2022-05-31,2022-05-31 18:28:35.219000,ATL,Success,New,Success,183,182,133,atlwkok,2026-03-26 21:35,atlwkok,2026-03-26 21:35,atlwkok,2026-03-26 21:35,atlwkok,2026-03-26 21:35,atlwkok,2026-03-26 21:35,atlwkok,2026-03-26 21:35
ATL,4352447,Standard,1000-Released,1000-Released,510_2022-05-31,2022-05-31 18:28:35.386000,ATL,Success,New,Success,183,182,133,atlwkok,2026-03-26 21:35,atlwkok,2026-03-26 21:35,atlwkok,2026-03-26 21:35,atlwkok,2026-03-26 21:35,atlwkok,2026-03-26 21:35,atlwkok,2026-03-26 21:35
ATL,4352462,Standard,1000-Released,1000-Released,510_2022-05-31,2022-05-31 18:28:35.664000,ATL,Success,New,Success,183,182,133,atlwkok,2026-03-26 21:35,atlwkok,2026-03-26 21:35,atlwkok,2026-03-26 21:35,atlwkok,2026-03-26 21:35,atlwkok,2026-03-26 21:35,atlwkok,2026-03-26 21:35
ATL,4352463,Standard,1000-Released,1000-Released,510_2022-05-31,2022-05-31 18:28:35.907000,ATL,Success,New,Success,183,182,133,atlwkok,2026-03-26 21:35,atlwkok,2026-03-26 21:35,atlwkok,2026-03-26 21:35,atlwkok,2026-03-26 21:35,atlwkok,2026-03-26 21:35,atlwkok,2026-03-26 21:35
ATL,4352481,Standard,1000-Released,1000-Released,510_2022-05-31,2022-05-31 18:28:36.017000,ATL,Success,New,Success,183,182,133,atlwkok,2026-03-26 21:35,atlwkok,2026-03-26 21:35,atlwkok,2026-03-26 21:35,atlwkok,2026-03-26 21:35,atlwkok,2026-03-26 21:35,atlwkok,2026-03-26 21:35
ATL,4352471,Standard,1000-Released,1000-Released,510_2022-05-31,2022-05-31 18:28:36.090000,ATL,Success,New,Success,183,182,133,atlwkok,2026-03-26 21:35,atlwkok,2026-03-26 21:35,atlwkok,2026-03-26 21:35,atlwkok,2026-03-26 21:35,atlwkok,2026-03-26 21:35,atlwkok,2026-03-26 21:35
ATL,4352455,Standard,1000-Released,1000-Released,510_2022-05-31,2022-05-31 18:28:36.212000,ATL,Success,New,Success,183,182,133,atlwkok,2026-03-26 21:35,atlwkok,2026-03-26 21:35,atlwkok,2026-03-26 21:35,atlwkok,2026-03-26 21:35,atlwkok,2026-03-26 21:35,atlwkok,2026-03-26 21:35
ATL,4352480,Standard,1000-Released,1000-Released,510_2022-05-31,2022-05-31 18:28:36.271000,ATL,Success,New,Success,183,182,133,atlwkok,2026-03-26 21:35,atlwkok,2026-03-26 21:35,atlwkok,2026-03-26 21:35,atlwkok,2026-03-26 21:35,atlwkok,2026-03-26 21:35,atlwkok,2026-03-26 21:35
ATL,4352424,Standard,1000-Released,1000-Released,510_2022-05-31,2022-05-31 18:28:36.407000,ATL,Success,New,Success,183,182,133,atlwkok,2026-03-26 21:35,atlwkok,2026-03-26 21:35,atlwkok,2026-03-26 21:35,atlwkok,2026-03-26 21:35,atlwkok,2026-03-26 21:35,atlwkok,2026-03-26 21:35
ATL,4352428,Standard,1000-Released,1000-Released,510_2022-05-31,2022-05-31 18:28:36.508000,ATL,Success,New,Success,183,182,133,atlwkok,2026-03-26 21:35,atlwkok,2026-03-26 21:35,atlwkok,2026-03-26 21:35,atlwkok,2026-03-26 21:35,atlwkok,2026-03-26 21:35,atlwkok,2026-03-26 21:35
ATL,4352461,Standard,1000-Released,1000-Released,510_2022-05-31,2022-05-31 18:28:36.586000,ATL,Success,New,Success,183,182,133,atlwkok,2026-03-26 21:35,atlwkok,2026-03-26 21:35,atlwkok,2026-03-26 21:35,atlwkok,2026-03-26 21:35,atlwkok,2026-03-26 21:35,atlwkok,2026-03-26 21:35
ATL,4347855,Standard,1000-Released,1000-Released,510_2022-05-31,2022-05-31 18:28:37.152000,ATL,Success,New,Success,183,182,133,atlwkok,2026-03-26 21:35,atlwkok,2026-03-26 21:35,atlwkok,2026-03-26 21:35,atlwkok,2026-03-26 21:35,atlwkok,2026-03-26 21:35,atlwkok,2026-03-26 21:35
ATL,4352478,Standard,1000-Released,1000-Released,510_2022-05-31,2022-05-31 18:28:37.388000,ATL,Success,New,Success,183,182,133,atlwkok,2026-03-26 21:35,atlwkok,2026-03-26 21:35,atlwkok,2026-03-26 21:35,atlwkok,2026-03-26 21:35,atlwkok,2026-03-26 21:35,atlwkok,2026-03-26 21:35